,Date,Stock,Sentiment
0,2021-01-01,AMC,-0.6193998605012894
1,2021-01-03,AMC,-0.6783578731119633
2,2021-01-05,AMC,0.08296033615867297
3,2021-01-06,AMC,-0.5940618328750134
4,2021-01-07,AMC,-0.41962841153144836
5,2021-01-08,AMC,0.981612425413914
6,2021-01-12,AMC,0.040227651596069336
7,2021-01-14,AMC,0.11171272955834866
8,2021-01-19,AMC,-0.01430084043298848
9,2021-01-20,AMC,0.06627044362856237
10,2021-01-21,AMC,0.006632453127002174
11,2021-01-22,AMC,0.09584658875662301
12,2021-01-23,AMC,0.1276492415653432
13,2021-01-24,AMC,0.011604520830918442
14,2021-01-25,AMC,0.1941337287425995
15,2021-01-26,AMC,-0.12856284583336675
16,2021-01-27,AMC,-0.19778536653378978
17,2021-01-28,AMC,-0.1414593254425563
18,2021-01-29,AMC,-0.21559023230103777
19,2021-01-30,AMC,0.05790415118797682
20,2021-01-31,AMC,-0.04007850773283281
21,2021-02-01,AMC,-0.20433514461386948
22,2021-02-02,AMC,-0.24420173796825112
23,2021-02-03,AMC,-0.11631185862701386
24,2021-02-04,AMC,-0.2778811257740017
25,2021-02-05,AMC,-0.2512526276160497
26,2021-02-06,AMC,-0.2804249322949909
27,2021-02-07,AMC,-0.15881535286433063
28,2021-02-08,AMC,-0.29311498436611144
29,2021-02-09,AMC,-0.2882610171707347
30,2021-02-10,AMC,-0.27234569664346053
31,2021-02-11,AMC,-0.17378260341240093
32,2021-02-12,AMC,-0.2794669779227115
33,2021-02-13,AMC,-0.13996902244980447
34,2021-02-14,AMC,-0.17453982181381433
35,2021-02-15,AMC,-0.3615864920119444
36,2021-02-16,AMC,-0.033293068408966064
37,2021-02-17,AMC,-0.3365361940767616
38,2021-02-18,AMC,-0.4109134590649046
39,2021-02-19,AMC,-0.02222003293922171
40,2021-02-20,AMC,-0.07754740685534973
41,2021-02-21,AMC,0.20423737787175925
42,2021-02-22,AMC,0.030519109033048154
43,2021-02-23,AMC,0.1933449098234996
44,2021-02-24,AMC,0.2024931024957914
45,2021-02-25,AMC,0.06321323280397337
46,2021-02-26,AMC,0.1592324753315188
47,2021-02-27,AMC,0.011747478609904646
48,2021-02-28,AMC,-0.14115188690950162
49,2021-03-01,AMC,-0.006544781879056245
50,2021-03-02,AMC,0.025406101460102946
51,2021-03-03,AMC,-0.07319200907950289
52,2021-03-04,AMC,-0.030772342295385897
53,2021-03-05,AMC,-0.02859543239697814
54,2021-03-06,AMC,0.0050659011758398265
55,2021-03-07,AMC,-0.3768952480331063
56,2021-03-08,AMC,0.003178532728925347
57,2021-03-09,AMC,-0.08071479354519397
58,2021-03-10,AMC,-0.2209177362078446
59,2021-03-11,AMC,-0.07835319194477051
60,2021-03-12,AMC,-0.17178237828426063
61,2021-03-13,AMC,-0.008155603454831769
62,2021-03-14,AMC,0.8596186732174829
63,2021-03-15,AMC,-0.12492721127491677
64,2021-03-16,AMC,0.11092704895418137
65,2021-03-17,AMC,0.05459988513495773
66,2021-03-18,AMC,0.04694496297626756
67,2021-03-19,AMC,-0.02331366642261855
68,2021-03-20,AMC,-0.15864150054287166
69,2021-03-21,AMC,-0.18093071097275243
70,2021-03-22,AMC,0.08602069499669597
71,2021-03-23,AMC,0.04164825430721976
72,2021-03-24,AMC,-0.039382737362757325
73,2021-03-25,AMC,0.007177513358848435
74,2021-03-26,AMC,0.0631350817469259
75,2021-03-27,AMC,0.01749387233401649
76,2021-03-28,AMC,0.010354996879038441
77,2021-03-29,AMC,-0.07325467853806913
78,2021-03-30,AMC,-0.1660362958535552
79,2021-03-31,AMC,0.11905106411952722
80,2021-04-02,AMC,-0.1971092247334309
81,2021-04-03,AMC,-0.4026429065084085
82,2021-04-04,AMC,-0.3394825388899162
83,2021-04-05,AMC,-0.4452914706032191
84,2021-04-06,AMC,0.05045345847727731
85,2021-04-07,AMC,-0.16037418709386178
86,2021-04-08,AMC,0.19544354639947414
87,2021-04-13,AMC,-0.7546176500618458
88,2021-04-14,AMC,-0.03881115368101746
89,2021-04-15,AMC,-0.06202848558702196
90,2021-04-16,AMC,0.028182342089130542
91,2021-04-17,AMC,-0.0875146770849824
92,2021-04-18,AMC,0.03277001912794547
93,2021-04-19,AMC,0.1347732017899398
94,2021-04-20,AMC,-0.07041856961441226
95,2021-04-21,AMC,-0.08568918635301344
96,2021-04-22,AMC,-0.006011938904412091
97,2021-04-23,AMC,0.025104696649359538
98,2021-04-24,AMC,-0.0596217538715854
99,2021-04-25,AMC,-0.003410024207551032
100,2021-04-26,AMC,-0.4762943834066391
101,2021-04-27,AMC,-0.11610294903628528
102,2021-04-28,AMC,-0.11159921157406644
103,2021-04-29,AMC,0.13041148696909657
104,2021-04-30,AMC,-0.020963433110725363
105,2021-01-14,GME,-0.06653240426676348
106,2021-01-15,GME,0.00955935855396092
107,2021-01-16,GME,0.05450397048012486
108,2021-01-20,GME,-0.06963889182545245
109,2021-01-21,GME,-0.02772536868915746
110,2021-01-22,GME,0.1354895452192674
111,2021-01-23,GME,-0.03180146797327325
112,2021-01-24,GME,-0.1434184393088799
113,2021-01-25,GME,-0.18654657900333405
114,2021-01-26,GME,-0.09455679534818046
115,2021-01-27,GME,-0.10864596165134571
116,2021-01-28,GME,-0.09851642427383922
117,2021-01-29,GME,-0.003208830524235964
118,2021-01-30,GME,-0.027962620379403235
119,2021-01-31,GME,-0.09296740997815504
120,2021-02-01,GME,-0.20715977631974966
121,2021-02-02,GME,-0.10562289491295815
122,2021-02-03,GME,0.032446454133605585
123,2021-02-04,GME,-0.14461080105043947
124,2021-02-05,GME,-0.2789812444790732
125,2021-02-06,GME,-0.2483210498536937
126,2021-02-07,GME,-0.2693671039910987
127,2021-02-08,GME,0.02246551464195363
128,2021-02-09,GME,0.19822072415030562
129,2021-02-10,GME,0.046096401712857185
130,2021-02-11,GME,-0.1762005089293234
131,2021-02-12,GME,-0.2853817951516248
132,2021-02-13,GME,-0.28086785233463163
133,2021-02-14,GME,-0.477026354148984
134,2021-02-15,GME,-0.04901000112295151
135,2021-02-16,GME,-0.3636051667225547
136,2021-02-17,GME,-0.3365361940767616
137,2021-02-18,GME,-0.4795794750668574
138,2021-02-19,GME,-0.4816916811629198
139,2021-02-20,GME,0.2089707352593541
140,2021-02-21,GME,0.36140323338098823
141,2021-02-22,GME,-0.08914033272303641
142,2021-02-23,GME,-0.007287215004907921
143,2021-02-24,GME,-0.13455350979231298
144,2021-02-25,GME,-0.15769218225963413
145,2021-02-26,GME,-0.0947763861680869
146,2021-02-27,GME,0.1536434514191933
147,2021-02-28,GME,0.19435287185478956
148,2021-03-01,GME,0.03852058585966006
149,2021-03-02,GME,0.18939554170123302
150,2021-03-03,GME,0.0021454906929284333
151,2021-03-04,GME,0.04692389352945611
152,2021-03-05,GME,-0.02293764615431428
153,2021-03-06,GME,0.026776290562702344
154,2021-03-07,GME,0.056187237675767394
155,2021-03-08,GME,-0.06098732155304952
156,2021-03-09,GME,0.08272901379037649
157,2021-03-10,GME,-0.1730609295249451
158,2021-03-11,GME,0.1389174307778012
159,2021-03-12,GME,-0.1197128534631338
160,2021-03-13,GME,-0.05073681895039044
161,2021-03-14,GME,-0.3082971211655864
162,2021-03-15,GME,-0.03046393080148846
163,2021-03-16,GME,-0.1524077250994742
164,2021-03-17,GME,-0.2567852696264163
165,2021-03-18,GME,-0.09036476430599577
166,2021-03-19,GME,-0.2241551775112748
167,2021-03-20,GME,-0.35007102887844666
168,2021-03-21,GME,0.05416610107770086
169,2021-03-22,GME,0.8433093782514334
170,2021-03-23,GME,-0.06142750302213244
171,2021-03-24,GME,0.013531245542690157
172,2021-03-25,GME,0.015204626645427197
173,2021-03-26,GME,-0.18308489260962232
174,2021-03-27,GME,-0.10707174422917888
175,2021-03-28,GME,-0.04322107832002289
176,2021-03-29,GME,0.06392431057368715
177,2021-03-30,GME,-0.07107480802806095
178,2021-03-31,GME,-0.04707716800738126
179,2021-04-01,GME,0.0893647408648394
180,2021-04-02,GME,0.05233822767273523
181,2021-04-03,GME,-0.09341499888338149
182,2021-04-04,GME,-0.018118873238563538
183,2021-04-05,GME,0.8860436035320163
184,2021-04-06,GME,0.020459281280636787
185,2021-04-07,GME,-0.12983660772442818
186,2021-04-10,GME,0.28615637784358117
187,2021-04-11,GME,0.14838819939683637
188,2021-04-12,GME,-0.13313611497340555
189,2021-04-13,GME,-0.03558914177119732
190,2021-04-15,GME,0.0060688784345984455
191,2021-04-16,GME,0.12539037875831127
192,2021-04-17,GME,0.03728824444231577
193,2021-04-18,GME,-0.2860657370959719
194,2021-04-19,GME,0.8909677853807807
195,2021-04-27,GME,0.05965847347746603
196,2021-04-28,GME,0.043781700343242844
197,2021-01-20,NOK,-0.04226506945144917
198,2021-01-21,NOK,-0.028679123875917867
199,2021-01-22,NOK,-0.04907675780472345
200,2021-01-23,NOK,0.02314074998954311
201,2021-01-24,NOK,-0.032981157891917974
202,2021-01-25,NOK,0.08456977600813843
203,2021-01-26,NOK,0.06345701686572283
204,2021-01-27,NOK,-0.19778536653378978
205,2021-01-28,NOK,-0.1414593254425563
206,2021-01-29,NOK,-0.21559023230103777
207,2021-01-30,NOK,0.05790415118797682
208,2021-01-31,NOK,0.017792707042535768
209,2021-02-01,NOK,-0.09230887525365689
210,2021-02-02,NOK,-0.28319466979475694
211,2021-02-03,NOK,-0.3647343370737508
212,2021-02-04,NOK,-0.21631268605589868
213,2021-02-05,NOK,-0.17321720857755282
214,2021-02-06,NOK,0.11081112870492806
215,2021-02-08,NOK,-0.4179329387843609
216,2021-02-09,NOK,-0.27389808354433626
217,2021-02-10,NOK,0.09078546406468377
218,2021-02-11,NOK,-0.14099770906900408
219,2021-02-12,NOK,0.15247622178401798
220,2021-02-13,NOK,-0.09292562362737954
221,2021-02-14,NOK,-0.09346448229625821
222,2021-02-15,NOK,-0.1596294404170476
223,2021-02-16,NOK,-0.10535438172519207
224,2021-02-17,NOK,-0.039534668702399356
225,2021-02-18,NOK,-0.16358704573009164
226,2021-02-19,NOK,-0.11892070303647181
227,2021-02-20,NOK,0.021075186037924142
228,2021-02-21,NOK,0.21480821727309377
229,2021-02-22,NOK,0.10060572066227906
230,2021-02-23,NOK,-0.19754439637996257
231,2021-02-24,NOK,0.15118573960848153
232,2021-02-25,NOK,0.08756396205474933
233,2021-02-26,NOK,-0.1297446381521877
234,2021-02-27,NOK,0.05097080836072564
235,2021-02-28,NOK,-0.013586299834199823
236,2021-03-01,NOK,0.30789309926331043
237,2021-03-02,NOK,-0.0010175210912711917
238,2021-03-03,NOK,-0.24008386097382753
239,2021-03-04,NOK,-0.02567252921173349
240,2021-03-05,NOK,-0.1430411286317139
241,2021-03-06,NOK,-0.14546209071995692
242,2021-03-07,NOK,-0.034853059470187873
243,2021-03-08,NOK,-0.17527599590589646
244,2021-03-09,NOK,0.016729134049168544
245,2021-03-10,NOK,-0.2267056998929807
246,2021-03-11,NOK,-0.09201584096648731
247,2021-03-12,NOK,0.04875352244940587
248,2021-03-13,NOK,-0.0665975560227202
249,2021-03-14,NOK,0.1988774142657695
250,2021-03-15,NOK,0.10459515401353575
251,2021-03-16,NOK,0.044977385841775686
252,2021-03-17,NOK,-0.03605600951464269
253,2021-03-18,NOK,0.045172463943017646
254,2021-03-19,NOK,-0.1346839128714055
255,2021-03-20,NOK,0.036324304479281776
256,2021-03-21,NOK,0.3582890858837905
257,2021-03-22,NOK,0.1175307195323209
258,2021-03-23,NOK,-0.08362664934247732
259,2021-03-24,NOK,-0.4042263923911378
260,2021-03-25,NOK,0.15344232338713482
261,2021-03-26,NOK,0.10345293297432363
262,2021-03-27,NOK,0.04654883127659559
263,2021-03-29,NOK,-0.11055542528629303
264,2021-03-30,NOK,0.4464212066377513
265,2021-03-31,NOK,0.09515917226672173
266,2021-04-01,NOK,0.9701762213371694
267,2021-04-03,NOK,0.6068961154669523
268,2021-04-08,NOK,0.9732336478773504
269,2021-04-09,NOK,0.3787654903717339
270,2021-04-13,NOK,0.027472340501844883
271,2021-04-15,NOK,-0.07198696459333102
272,2021-04-21,NOK,-0.07191839526165966
273,2021-04-22,NOK,0.5746859945356846
274,2021-04-23,NOK,-0.4344836547970772
275,2021-04-25,NOK,-0.15782844151059786
276,2021-04-28,NOK,0.6221475042402744
277,2021-04-30,NOK,0.10112086422159336
278,2021-01-01,PLTR,-0.121534204473719
279,2021-01-02,PLTR,-0.13644904878223316
280,2021-01-03,PLTR,-0.07990885352981943
281,2021-01-04,PLTR,-0.14032182657422546
282,2021-01-05,PLTR,0.015784867819165813
283,2021-01-06,PLTR,0.08222944200970232
284,2021-01-07,PLTR,-0.03955713797127828
285,2021-01-08,PLTR,0.0014828343514818698
286,2021-01-09,PLTR,-0.036214026926318185
287,2021-01-10,PLTR,-0.05557438323623501
288,2021-01-11,PLTR,-0.013560321841699382
289,2021-01-12,PLTR,-0.0053795865387655795
290,2021-01-13,PLTR,-0.015915147748521784
291,2021-01-14,PLTR,-0.1552854882995598
292,2021-01-15,PLTR,0.21359259610180742
293,2021-01-16,PLTR,0.18259006289415994
294,2021-01-17,PLTR,0.13418071433203294
295,2021-01-18,PLTR,-0.059932060994906354
296,2021-01-19,PLTR,0.054547469702083615
297,2021-01-20,PLTR,-0.057992404084652664
298,2021-01-21,PLTR,-0.06165783984819427
299,2021-01-22,PLTR,-0.18054319597547874
300,2021-01-23,PLTR,-0.14141618994995953
301,2021-01-24,PLTR,-0.3908310883969534
302,2021-01-25,PLTR,-0.3559087544470094
303,2021-01-26,PLTR,0.0642262775177369
304,2021-01-27,PLTR,-0.1272646036441438
305,2021-01-28,PLTR,0.20982398306485264
306,2021-01-29,PLTR,-0.10052208945853636
307,2021-01-30,PLTR,-0.2681792056071572
308,2021-01-31,PLTR,-0.11363659404916689
309,2021-02-01,PLTR,0.10499514875383201
310,2021-02-02,PLTR,0.3682971488451585
311,2021-02-03,PLTR,-0.1471458040177822
312,2021-02-05,PLTR,0.0887364747135767
313,2021-02-06,PLTR,0.07599238306283951
314,2021-02-09,PLTR,0.028347989544272423
315,2021-02-10,PLTR,-0.32080869912169874
316,2021-02-11,PLTR,-0.15790721494704485
317,2021-02-12,PLTR,-0.060280118629129395
318,2021-02-13,PLTR,-0.09143608392681926
319,2021-02-14,PLTR,-0.052775238786125556
320,2021-02-15,PLTR,0.16149845259613357
321,2021-02-16,PLTR,0.129523732282687
322,2021-02-17,PLTR,-0.016865700896596537
323,2021-02-18,PLTR,-0.11238794655189849
324,2021-02-19,PLTR,-0.02731484444346279
325,2021-02-20,PLTR,-0.35216175523935817
326,2021-02-21,PLTR,-0.020183745238464324
327,2021-02-22,PLTR,-0.02817233747569844
328,2021-02-23,PLTR,-0.08689095727400854
329,2021-02-24,PLTR,0.0050220995279960335
330,2021-02-25,PLTR,-0.038108946674037726
331,2021-02-26,PLTR,-0.0003027820046274708
332,2021-02-27,PLTR,-0.008562474915136894
333,2021-02-28,PLTR,0.051554062843529716
334,2021-03-01,PLTR,0.00559690168925694
335,2021-03-02,PLTR,0.06422259277838747
336,2021-03-03,PLTR,-0.24301894979318603
337,2021-03-04,PLTR,-0.1824842237238772
338,2021-03-05,PLTR,-0.22163284710608422
339,2021-03-06,PLTR,-0.1323797606221843
340,2021-03-07,PLTR,0.029999807476997375
341,2021-03-08,PLTR,-0.44463437236845493
342,2021-03-09,PLTR,-0.16192438710946588
343,2021-03-10,PLTR,0.18946141082172593
344,2021-03-11,PLTR,0.0006080122578791098
345,2021-03-12,PLTR,0.011651466600596905
346,2021-03-13,PLTR,-0.09041150286793709
347,2021-03-15,PLTR,-0.3783322051167488
348,2021-03-16,PLTR,0.7095243614166975
349,2021-03-17,PLTR,0.9771497718757018
350,2021-03-18,PLTR,0.05928837539046072
351,2021-03-19,PLTR,0.1499695056561558
352,2021-03-20,PLTR,0.8051930642686784
353,2021-03-21,PLTR,0.11638937597700323
354,2021-03-22,PLTR,0.06746166418539361
355,2021-03-23,PLTR,-0.15007966215489432
356,2021-03-24,PLTR,0.033488014317117634
357,2021-03-25,PLTR,0.16483426620718092
358,2021-03-26,PLTR,0.010965184689584103
359,2021-03-27,PLTR,-0.05666575787795915
360,2021-03-29,PLTR,-0.2233073990792036
361,2021-03-30,PLTR,-0.14422087742830628
362,2021-03-31,PLTR,-0.004629857989493757
363,2021-04-01,PLTR,-0.08249167592264711
364,2021-04-02,PLTR,0.12199607342481614
365,2021-04-03,PLTR,-0.5457293903455138
366,2021-04-05,PLTR,0.14066900732810608
367,2021-04-06,PLTR,0.02305869547686038
368,2021-04-08,PLTR,0.006358381172176451
369,2021-04-09,PLTR,0.03774394730105996
370,2021-04-10,PLTR,0.2569703240102778
371,2021-04-11,PLTR,0.08581939665600657
372,2021-04-12,PLTR,-0.05105634033679962
373,2021-04-14,PLTR,-0.09974325407121797
374,2021-04-15,PLTR,-0.14943809479824266
375,2021-04-16,PLTR,-0.20987732507055626
376,2021-04-17,PLTR,-0.0792114233970642
377,2021-04-18,PLTR,-0.2403768082398788
378,2021-04-19,PLTR,-0.20654717087745667
379,2021-04-23,PLTR,-0.3711915530939586
380,2021-04-24,PLTR,0.35825585284968836
381,2021-04-25,PLTR,0.258471855315147
382,2021-04-26,PLTR,0.1986452292872127
383,2021-04-27,PLTR,0.19136726897696474
384,2021-04-28,PLTR,-0.0397900533862412
385,2021-04-29,PLTR,0.07813350157812238
386,2021-01-01,TSLA,-0.5762163586914539
387,2021-01-03,TSLA,-0.08670729312062678
388,2021-01-04,TSLA,-0.020056162029504776
389,2021-01-05,TSLA,0.11907944553997368
390,2021-01-06,TSLA,-0.013859777965117247
391,2021-01-07,TSLA,-0.15488727023126558
392,2021-01-08,TSLA,-0.13188061938039028
393,2021-01-09,TSLA,-0.2803052439785097
394,2021-01-10,TSLA,-0.23433712303172796
395,2021-01-11,TSLA,0.0032734313537366687
396,2021-01-12,TSLA,-0.06796356700477191
397,2021-01-13,TSLA,-0.0026903202990069984
398,2021-01-14,TSLA,0.04869878830271773
399,2021-01-15,TSLA,-0.12255458192783408
400,2021-01-16,TSLA,0.041988921402953565
401,2021-01-17,TSLA,-0.08096586930704244
402,2021-01-18,TSLA,-0.09267659732722677
403,2021-01-19,TSLA,0.01938602506648749
404,2021-01-20,TSLA,0.18446870102663523
405,2021-01-21,TSLA,-0.0697342109947931
406,2021-01-22,TSLA,-0.06301582462154329
407,2021-01-23,TSLA,-0.3284080732148141
408,2021-01-24,TSLA,-0.16558746828672452
409,2021-01-25,TSLA,-0.07272705190000124
410,2021-01-26,TSLA,-0.12856284583336675
411,2021-01-27,TSLA,-0.29666679377201943
412,2021-01-28,TSLA,-0.07424481321475468
413,2021-01-29,TSLA,0.03164024559082464
414,2021-01-30,TSLA,-0.2884591287618969
415,2021-01-31,TSLA,-0.05298311033984646
416,2021-02-01,TSLA,-0.04366634925128892
417,2021-02-02,TSLA,0.2067098657403571
418,2021-02-03,TSLA,-0.1272281741758343
419,2021-02-04,TSLA,-0.197461943567032
420,2021-02-05,TSLA,0.12402506362181157
421,2021-02-06,TSLA,0.07958459468791261
422,2021-02-07,TSLA,-0.2686375400435645
423,2021-02-08,TSLA,0.08049953374429605
424,2021-02-09,TSLA,-0.04439759760030678
425,2021-02-10,TSLA,0.13089130592998116
426,2021-02-11,TSLA,-0.07958737542619929
427,2021-02-12,TSLA,-0.2794669779227115
428,2021-02-13,TSLA,-0.0711315930262208
429,2021-02-14,TSLA,0.14710875190678052
430,2021-02-15,TSLA,0.17419718760182148
431,2021-02-16,TSLA,0.11976613509235903
432,2021-02-17,TSLA,-0.016865700896596537
433,2021-02-18,TSLA,0.042205787263810635
434,2021-02-19,TSLA,0.181775832515476
435,2021-02-20,TSLA,0.14427885574857807
436,2021-02-21,TSLA,-0.04317401318500439
437,2021-02-22,TSLA,0.08355377866886556
438,2021-02-23,TSLA,-0.022797326272038718
439,2021-02-24,TSLA,-0.06823097541346215
440,2021-02-25,TSLA,0.024008054891601203
441,2021-02-26,TSLA,0.04392912516015626
442,2021-02-27,TSLA,0.00887801282806322
443,2021-02-28,TSLA,0.06233851609673972
444,2021-03-01,TSLA,-0.18954379158094525
445,2021-03-02,TSLA,0.004792184474700619
446,2021-03-03,TSLA,-0.2384700168366544
447,2021-03-04,TSLA,-0.010634383178548888
448,2021-03-05,TSLA,-0.010266699709463865
449,2021-03-06,TSLA,-0.05939488289877772
450,2021-03-07,TSLA,-0.10653452286613174
451,2021-03-08,TSLA,-0.10286010605515912
452,2021-03-09,TSLA,0.19652288127690554
453,2021-03-10,TSLA,-0.20023017379455268
454,2021-03-11,TSLA,-0.06278656648342
455,2021-03-12,TSLA,-0.1580278566107154
456,2021-03-13,TSLA,-0.018973976373672485
457,2021-03-14,TSLA,-0.04710386348888278
458,2021-03-15,TSLA,0.2527649832598399
459,2021-03-16,TSLA,0.1000056858395692
460,2021-03-17,TSLA,-0.20273247404167286
461,2021-03-18,TSLA,0.1527987850519518
462,2021-03-19,TSLA,-0.27138982713222504
463,2021-03-20,TSLA,-0.10435737038962543
464,2021-03-21,TSLA,-0.16019890570314602
465,2021-03-22,TSLA,-0.12529950660420583
466,2021-03-23,TSLA,-0.02079669739236124
467,2021-03-24,TSLA,-0.07675853798165917
468,2021-03-25,TSLA,0.15225767888361588
469,2021-03-26,TSLA,0.06724597670836374
470,2021-03-27,TSLA,-0.054543821762005486
471,2021-03-28,TSLA,0.4363302899291739
472,2021-03-29,TSLA,-0.11055542528629303
473,2021-03-30,TSLA,-0.0888242293925335
474,2021-03-31,TSLA,0.0878526649127404
475,2021-04-01,TSLA,0.03168551206355914
476,2021-04-02,TSLA,0.05013247434864752
477,2021-04-03,TSLA,-0.027375212293118237
478,2021-04-04,TSLA,-0.01460450038430281
479,2021-04-05,TSLA,-0.027413049223832787
480,2021-04-06,TSLA,0.12589224224560894
481,2021-04-07,TSLA,-0.04109211524366401
482,2021-04-08,TSLA,-0.022457371992261513
483,2021-04-09,TSLA,0.24751411471515894
484,2021-04-11,TSLA,0.017677086405456066
485,2021-04-13,TSLA,0.018402840942144394
486,2021-04-14,TSLA,0.11120067727169954
487,2021-04-15,TSLA,-0.04340269785025157
488,2021-04-16,TSLA,0.0008775048999167564
489,2021-04-17,TSLA,-0.2527868648370107
490,2021-04-18,TSLA,-0.2667106503310303
491,2021-04-19,TSLA,-0.20439438783796504
492,2021-04-20,TSLA,-0.25585219889347044
493,2021-04-21,TSLA,-0.19504429632797837
494,2021-04-22,TSLA,-0.014496885240077972
495,2021-04-23,TSLA,-0.028316270909272134
496,2021-04-25,TSLA,0.46877936244709417
497,2021-04-26,TSLA,0.7150349365547299
498,2021-04-27,TSLA,-0.11339813470840454
499,2021-04-28,TSLA,0.950035399699118
500,2021-04-29,TSLA,0.03026405637152493
501,2021-04-30,TSLA,-0.024280629126587884
502,2021-01-01,AAPL,0.08001577886678869
503,2021-01-02,AAPL,0.13144286350599663
504,2021-01-03,AAPL,0.10111158318934031
505,2021-01-04,AAPL,-0.10655582669423894
506,2021-01-05,AAPL,0.09815478704404086
507,2021-01-06,AAPL,-0.19906284039219221
508,2021-01-07,AAPL,0.057516032433660144
509,2021-01-08,AAPL,0.08821890955894357
510,2021-01-09,AAPL,0.02734923781827092
511,2021-01-10,AAPL,0.05835084339603782
512,2021-01-11,AAPL,-0.0037074900154645245
513,2021-01-12,AAPL,0.027747152393440836
514,2021-01-13,AAPL,0.030263425454031677
515,2021-01-14,AAPL,-0.12200059610884637
516,2021-01-15,AAPL,0.05885282108154628
517,2021-01-16,AAPL,0.22998734957506056
518,2021-01-17,AAPL,0.3226456088281702
519,2021-01-18,AAPL,0.1761061289686371
520,2021-01-19,AAPL,0.49291771473751095
521,2021-01-20,AAPL,0.17355660646571777
522,2021-01-21,AAPL,0.13758719433994535
523,2021-01-22,AAPL,0.027796174653830302
524,2021-01-23,AAPL,0.14024180642861342
525,2021-01-24,AAPL,-0.10299761546077207
526,2021-01-25,AAPL,-0.10374971623532474
527,2021-01-26,AAPL,-0.012476848961086943
528,2021-01-27,AAPL,0.10671845738310366
529,2021-01-28,AAPL,0.023122081280841183
530,2021-01-29,AAPL,-0.1183807246782817
531,2021-01-30,AAPL,-0.29734790216665713
532,2021-01-31,AAPL,-0.11275999103556388
533,2021-02-01,AAPL,0.08712689431733452
534,2021-02-02,AAPL,0.10735352632675167
535,2021-02-03,AAPL,-0.17962727584235835
536,2021-02-04,AAPL,-0.06489939975844168
537,2021-02-05,AAPL,-0.17686582703486478
538,2021-02-06,AAPL,-0.1196044629660288
539,2021-02-07,AAPL,-0.03349803946912289
540,2021-02-08,AAPL,-0.27708845540415494
541,2021-02-09,AAPL,-0.08618144593351791
542,2021-02-10,AAPL,0.3645824189297855
543,2021-02-11,AAPL,-0.05375135115658244
544,2021-02-12,AAPL,-0.13482298464979978
545,2021-02-13,AAPL,0.09791912267812425
546,2021-02-14,AAPL,0.1564855131402146
547,2021-02-15,AAPL,0.16738107020966708
548,2021-02-16,AAPL,-0.0777111546402531
549,2021-02-17,AAPL,-0.05853214701487412
550,2021-02-18,AAPL,-0.08868023764807731
551,2021-02-19,AAPL,0.12879188769933073
552,2021-02-20,AAPL,-0.09690871969796717
553,2021-02-21,AAPL,-0.09707215987145901
554,2021-02-22,AAPL,-0.1453254409134388
555,2021-02-23,AAPL,0.020376822485455446
556,2021-02-24,AAPL,0.1471790146844631
557,2021-02-25,AAPL,-0.09506424080231227
558,2021-02-26,AAPL,0.15768721083771775
559,2021-02-27,AAPL,0.07944113653033011
560,2021-02-28,AAPL,0.02384519070203948
561,2021-03-01,AAPL,0.023064500041073188
562,2021-03-02,AAPL,-0.10510938596368456
563,2021-03-03,AAPL,-0.24060451454948634
564,2021-03-04,AAPL,-0.02567252921173349
565,2021-03-05,AAPL,0.3889258021808928
566,2021-03-06,AAPL,0.09614491572743919
567,2021-03-07,AAPL,-0.01890860877644557
568,2021-03-08,AAPL,0.02022428230574245
569,2021-03-09,AAPL,0.10573251582682133
570,2021-03-10,AAPL,0.13106406058650463
571,2021-03-11,AAPL,-0.2684389464557171
572,2021-03-12,AAPL,-0.19241693305472532
573,2021-03-13,AAPL,-0.07211726930235392
574,2021-03-14,AAPL,0.19365000170680857
575,2021-03-15,AAPL,0.0582310077548027
576,2021-03-16,AAPL,0.1804581384640187
577,2021-03-17,AAPL,-0.004496172213783631
578,2021-03-18,AAPL,-0.22036582540604285
579,2021-03-19,AAPL,-0.13578890806995333
580,2021-03-20,AAPL,0.21556495148834073
581,2021-03-21,AAPL,0.24887252655268335
582,2021-03-22,AAPL,-0.09259706124348539
583,2021-03-23,AAPL,-0.06318289727787488
584,2021-03-24,AAPL,-0.08863361710743782
585,2021-03-25,AAPL,0.1462696132925339
586,2021-03-26,AAPL,-0.05425318726338446
587,2021-03-27,AAPL,0.16860469770975983
588,2021-03-28,AAPL,0.27540725997338694
589,2021-03-29,AAPL,0.20417184690258613
590,2021-03-30,AAPL,-0.0594543837942183
591,2021-03-31,AAPL,0.0882939979666844
592,2021-04-01,AAPL,0.3177956239669584
593,2021-04-03,AAPL,-0.09709926471114158
594,2021-04-04,AAPL,0.39522853400558233
595,2021-04-06,AAPL,-0.06717204153714583
596,2021-04-07,AAPL,-0.2036471675382927
597,2021-04-08,AAPL,-0.2122341141415139
598,2021-04-09,AAPL,-0.09247690057716372
599,2021-04-10,AAPL,-0.02095411192134929
600,2021-04-11,AAPL,0.0391594985111927
601,2021-04-12,AAPL,-0.10271049889270216
602,2021-04-13,AAPL,0.1631441613038381
603,2021-04-14,AAPL,-0.1922671525902115
604,2021-04-15,AAPL,-0.07030917029520165
605,2021-04-16,AAPL,0.12647145255826986
606,2021-04-17,AAPL,0.37921599781839177
607,2021-04-19,AAPL,0.13693749020329687
608,2021-04-20,AAPL,-0.03260818138951436
609,2021-04-21,AAPL,-0.11188146376167424
610,2021-04-22,AAPL,-0.06932548806071281
611,2021-04-23,AAPL,0.5129303857684135
612,2021-04-24,AAPL,0.08971422608010471
613,2021-04-25,AAPL,0.051242672838270664
614,2021-04-26,AAPL,0.06740250454778306
615,2021-04-27,AAPL,-0.37449290993390605
616,2021-04-28,AAPL,0.23067780016814746
617,2021-04-29,AAPL,0.05670264566666447
618,2021-04-30,AAPL,-0.11719152973740395
